patch_inci,patch_cas,master_inci,master_cas,match_type,score,decision,canonical_inci,review_note
AQUA,7732-18-5,WATER,7732-18-5,CAS_EXACT_INCI_DIFFERENT,100.0,,,
PEG-100 STEARATE,9004-99-3,PEG-20 STEARATE,9004-99-3,CAS_EXACT_INCI_DIFFERENT,100.0,,,
POLYSORBATE 80,9005-65-6,PEG-12 SORBITAN TRIOLEATE,9005-65-6,CAS_EXACT_INCI_DIFFERENT,100.0,,,
HAMAMELIS VIRGINIANA WATER,84696-19-5,HAMAMELIS VIRGINIANA BARK/LEAF/TWIG EXTRACT,84696-19-5,CAS_EXACT_INCI_DIFFERENT,100.0,,,
HAMAMELIS VIRGINIANA WATER,84696-19-5,HAMAMELIS VIRGINIANA LEAF WATER,84696-19-5,CAS_EXACT_INCI_DIFFERENT,100.0,,,
HAMAMELIS VIRGINIANA WATER,84696-19-5,HAMAMELIS VIRGINIANA BARK/TWIG EXTRACT,84696-19-5,CAS_EXACT_INCI_DIFFERENT,100.0,,,
HAMAMELIS VIRGINIANA WATER,84696-19-5,HAMAMELIS VIRGINIANA BARK/LEAF EXTRACT,84696-19-5,CAS_EXACT_INCI_DIFFERENT,100.0,,,
CETEARETH-20,68439-49-6,CETEARETH-22,68439-49-6,CAS_EXACT_INCI_DIFFERENT,100.0,,,
CETEARETH-25,68439-49-6,CETEARETH-22,68439-49-6,CAS_EXACT_INCI_DIFFERENT,100.0,,,
POTASSIUM SORBATE,24634-61-5 / 590-00-1,POTASSIUM SOYATE,61790-24-7,FUZZY_INCI_CANDIDATE,90.91,,,
CENTELLA ASIATICA EXTRACT,,CENTELLA ASIATICA ROOT EXTRACT,84696-21-9,FUZZY_INCI_CANDIDATE,90.91,,,
CERAMIDE NP,72968-43-5,CERAMIDE NG,,FUZZY_INCI_CANDIDATE,90.91,,,
PEG-100 STEARATE,9004-99-3,PEG-20 STEARATE,9004-99-3,FUZZY_INCI_CANDIDATE,90.32,,,
CAMELLIA SINENSIS LEAF EXTRACT,,CAMELLIA SINENSIS LEAF CELL EXTRACT,,FUZZY_INCI_CANDIDATE,92.31,,,
PEG-40 HYDROGENATED CASTOR OIL,,PEG-10 HYDROGENATED CASTOR OIL,61788-85-0,FUZZY_INCI_CANDIDATE,96.67,,,
PEG-40 HYDROGENATED CASTOR OIL,,PPG-3 HYDROGENATED CASTOR OIL,111870-68-9,FUZZY_INCI_CANDIDATE,91.53,,,
DIMETHICONE CROSSPOLYMER,,DIMETHICONE CROSSPOLYMER-3,,FUZZY_INCI_CANDIDATE,96.0,,,
CETYL PEG/PPG-10/1 DIMETHICONE,,CETYL PEG/PPG-7/3 DIMETHICONE,,FUZZY_INCI_CANDIDATE,91.53,,,
CENTELLA ASIATICA LEAF EXTRACT,,CENTELLA ASIATICA LEAF CELL EXTRACT,,FUZZY_INCI_CANDIDATE,92.31,,,
SORBITAN ISOSTEARATE,71902-01-7,SORBITAN DISTEARATE,36521-89-8,FUZZY_INCI_CANDIDATE,92.31,,,
CERAMIDE NS,,CERAMIDE NG,,FUZZY_INCI_CANDIDATE,90.91,,,
HYDROGENATED POLYISOBUTENE,,HYDROGENATED POLYBUTENE,,FUZZY_INCI_CANDIDATE,93.88,,,
DIPOTASSIUM GLYCYRRHIZINATE,,DIPOTASSIUM GLYCYRRHIZATE,68797-35-3,FUZZY_INCI_CANDIDATE,96.15,,,
HAMAMELIS VIRGINIANA WATER,84696-19-5,HAMAMELIS VIRGINIANA LEAF WATER,84696-19-5,FUZZY_INCI_CANDIDATE,91.23,,,
PALMITOYL TRIPEPTIDE-1,147732-56-7,PALMITOYL TRIPEPTIDE-31,,FUZZY_INCI_CANDIDATE,97.78,,,
PALMITOYL TRIPEPTIDE-1,147732-56-7,PALMITOYL TRIPEPTIDE-5,,FUZZY_INCI_CANDIDATE,95.45,,,
PALMITOYL TRIPEPTIDE-1,147732-56-7,PALMITOYL TRIPEPTIDE-4,,FUZZY_INCI_CANDIDATE,95.45,,,
PALMITOYL TRIPEPTIDE-1,147732-56-7,PALMITOYL TRIPEPTIDE-8,,FUZZY_INCI_CANDIDATE,95.45,,,
PALMITOYL TRIPEPTIDE-1,147732-56-7,PALMITOYL TRIPEPTIDE-56,,FUZZY_INCI_CANDIDATE,93.33,,,
OCTYLDODECANOL,5333-42-6,OCTYLDECANOL,,FUZZY_INCI_CANDIDATE,92.31,,,
SODIUM ACRYLATES COPOLYMER,,SODIUM ACRYLATES CROSSPOLYMER,,FUZZY_INCI_CANDIDATE,94.55,,,
PANAX GINSENG ROOT EXTRACT,,PANAX GINSENG SPROUT EXTRACT,,FUZZY_INCI_CANDIDATE,92.59,,,
CETEARETH-20,68439-49-6,CETEARETH-22,68439-49-6,FUZZY_INCI_CANDIDATE,91.67,,,
SORBIC ACID,110-44-1,ASCORBIC ACID,50-81-7 / 62624-30-0,FUZZY_INCI_CANDIDATE,91.67,,,
AVENA SATIVA (OAT) KERNEL EXTRACT,,AVENA SATIVA KERNEL EXTRACT,84012-26-0,FUZZY_INCI_CANDIDATE,90.0,,,
CETYL DIMETHICONE,,CEROTYL DIMETHICONE,,FUZZY_INCI_CANDIDATE,94.44,,,
CETYL DIMETHICONE,,CETYLOXY DIMETHICONE,,FUZZY_INCI_CANDIDATE,91.89,,,
CETYL DIMETHICONE,,CETEARYL DIMETHICONE,,FUZZY_INCI_CANDIDATE,91.89,,,
POLYGLYCERYL-4 ISOSTEARATE,,POLYGLYCERYL-10 ISOSTEARATE,133738-23-5,FUZZY_INCI_CANDIDATE,94.34,,,
OCTYL SALICYLATE,,ISOCETYL SALICYLATE,,FUZZY_INCI_CANDIDATE,91.43,,,
ACETYL HEXAPEPTIDE-8,,ACETYL HEXAPEPTIDE-38,,FUZZY_INCI_CANDIDATE,97.56,,,
ACETYL HEXAPEPTIDE-8,,ACETYL HEXAPEPTIDE-1,,FUZZY_INCI_CANDIDATE,95.0,,,
ACETYL HEXAPEPTIDE-8,,ACETYL HEXAPEPTIDE-7,,FUZZY_INCI_CANDIDATE,95.0,,,
ACETYL HEXAPEPTIDE-8,,ACETYL HEXAPEPTIDE-20,,FUZZY_INCI_CANDIDATE,92.68,,,
ACETYL HEXAPEPTIDE-8,,ACETYL HEXAPEPTIDE-49,,FUZZY_INCI_CANDIDATE,92.68,,,
BUDDLEJA OFFICINALIS FLOWER EXTRACT,,BUDDLEJA OFFICINALIS LEAF EXTRACT,,FUZZY_INCI_CANDIDATE,91.18,,,
METHICONE,,DIMETHICONE,63148-62-9 / 9006-65-9 / 9016-00-6,FUZZY_INCI_CANDIDATE,90.0,,,
ASPALATHUS LINEARIS EXTRACT,,ASPALATHUS LINEARIS LEAF EXTRACT,,FUZZY_INCI_CANDIDATE,91.53,,,
CETEARETH-25,68439-49-6,CETEARETH-22,68439-49-6,FUZZY_INCI_CANDIDATE,91.67,,,
POLYACRYLATE-13,,POLYACRYLATE-33,1204525-16-5,FUZZY_INCI_CANDIDATE,93.33,,,
POLYACRYLATE-13,,POLYACRYLATE-43,,FUZZY_INCI_CANDIDATE,93.33,,,
POLYACRYLATE-13,,POLYACRYLATE-38,,FUZZY_INCI_CANDIDATE,93.33,,,
POLYACRYLATE-13,,POLYACRYLATE-41,1416237-52-9,FUZZY_INCI_CANDIDATE,93.33,,,
POLYACRYLATE-13,,POLYACRYLATE-36,,FUZZY_INCI_CANDIDATE,93.33,,,
VITIS VINIFERA FRUIT EXTRACT,,VITIS VINIFERA FRUIT CELL EXTRACT,85594-37-2 / 84929-27-1,FUZZY_INCI_CANDIDATE,91.8,,,
LINOLEIC ACID,60-33-3 -CIS-,DILINOLEIC ACID,6144-28-1 / 26085-09-6,FUZZY_INCI_CANDIDATE,92.86,,,
