inci_name,inci_name_raw,cas_no,function,substance,source,source_file,record_source,source_row_count,merged_aliases,product_scope,scope_reason,ingredient_role,confidence,needs_verification,scope_status
OCTYLDODECANOL,"('OCTYLDODECANOL',)",5333-42-6,emollient | emollient; masking; perfuming,octyldecanol,ingredients_dataset_exact_match,ingredient_master_dataset_fixed.csv | common_ingredients_patch.csv,MASTER | PATCH,2,OCTYLDECANOL | OCTYLDODECANOL,REVIEW,Needs manual verification; metadata does not establish product scope with sufficient confidence.,,LOW,YES,MANUAL_REVIEW_REQUIRED
GLYCERIN,"('GLYCERIN',)",56-81-5,denaturant; hair-conditioning; humectant; oral-care; perfuming; skin-protecting; viscosity-controlling,,ingredients_dataset_exact_match,common_ingredients_patch.csv,PATCH,1,GLYCERIN,REVIEW,Needs manual verification; metadata does not establish product scope with sufficient confidence.,,LOW,YES,MANUAL_REVIEW_REQUIRED
NIACINAMIDE,"('NIACINAMIDE',)",98-92-0,smoothing,,ingredients_dataset_exact_match,common_ingredients_patch.csv,PATCH,1,NIACINAMIDE,REVIEW,Needs manual verification; metadata does not establish product scope with sufficient confidence.,,LOW,YES,MANUAL_REVIEW_REQUIRED
"1,2-HEXANEDIOL","('1,2-HEXANEDIOL',)",,,,manual_patch_needs_metadata,common_ingredients_patch.csv,PATCH,1,"1,2-HEXANEDIOL",REVIEW,Needs manual verification; metadata does not establish product scope with sufficient confidence.,,LOW,YES,MANUAL_REVIEW_REQUIRED
CAPRYLIC/CAPRIC TRIGLYCERIDE,"('CAPRYLIC/CAPRIC TRIGLYCERIDE',)",73398-61-5 / 65381-09-1,masking; perfuming; skin-conditioning,,ingredients_dataset_exact_match,common_ingredients_patch.csv,PATCH,1,CAPRYLIC/CAPRIC TRIGLYCERIDE,REVIEW,Needs manual verification; metadata does not establish product scope with sufficient confidence.,,LOW,YES,MANUAL_REVIEW_REQUIRED
CYCLOPENTASILOXANE,"('CYCLOPENTASILOXANE',)",,,,ingredients_dataset_exact_match,common_ingredients_patch.csv,PATCH,1,CYCLOPENTASILOXANE,REVIEW,Needs manual verification; metadata does not establish product scope with sufficient confidence.,,LOW,YES,MANUAL_REVIEW_REQUIRED
CENTELLA ASIATICA EXTRACT,"('CENTELLA ASIATICA EXTRACT',)",,,,manual_patch_needs_metadata,common_ingredients_patch.csv,PATCH,1,CENTELLA ASIATICA EXTRACT,REVIEW,Needs manual verification; metadata does not establish product scope with sufficient confidence.,,LOW,YES,MANUAL_REVIEW_REQUIRED
HYDROGENATED LECITHIN,"('HYDROGENATED LECITHIN',)",,,,manual_patch_needs_metadata,common_ingredients_patch.csv,PATCH,1,HYDROGENATED LECITHIN,REVIEW,Needs manual verification; metadata does not establish product scope with sufficient confidence.,,LOW,YES,MANUAL_REVIEW_REQUIRED
DIPROPYLENE GLYCOL,"('DIPROPYLENE GLYCOL',)",110-98-5 / 25265-71-8,masking; perfuming; solvent; viscosity-controlling,,ingredients_dataset_exact_match,common_ingredients_patch.csv,PATCH,1,DIPROPYLENE GLYCOL,REVIEW,Needs manual verification; metadata does not establish product scope with sufficient confidence.,,LOW,YES,MANUAL_REVIEW_REQUIRED
HYDROLYZED HYALURONIC ACID,"('HYDROLYZED HYALURONIC ACID',)",,,,manual_patch_needs_metadata,common_ingredients_patch.csv,PATCH,1,HYDROLYZED HYALURONIC ACID,REVIEW,Needs manual verification; metadata does not establish product scope with sufficient confidence.,,LOW,YES,MANUAL_REVIEW_REQUIRED
CAMELLIA SINENSIS LEAF EXTRACT,"('CAMELLIA SINENSIS LEAF EXTRACT',)",,,,ingredients_dataset_exact_match,common_ingredients_patch.csv,PATCH,1,CAMELLIA SINENSIS LEAF EXTRACT,REVIEW,Needs manual verification; metadata does not establish product scope with sufficient confidence.,,LOW,YES,MANUAL_REVIEW_REQUIRED
ALOE BARBADENSIS LEAF JUICE,"('ALOE BARBADENSIS LEAF JUICE',)",,,,manual_patch_needs_metadata,common_ingredients_patch.csv,PATCH,1,ALOE BARBADENSIS LEAF JUICE,REVIEW,Needs manual verification; metadata does not establish product scope with sufficient confidence.,,LOW,YES,MANUAL_REVIEW_REQUIRED
GLUTATHIONE,"('GLUTATHIONE',)",70-18-8,reducing,,ingredients_dataset_exact_match,common_ingredients_patch.csv,PATCH,1,GLUTATHIONE,REVIEW,Needs manual verification; metadata does not establish product scope with sufficient confidence.,,LOW,YES,MANUAL_REVIEW_REQUIRED
PEG-40 HYDROGENATED CASTOR OIL,"('PEG-40 HYDROGENATED CASTOR OIL',)",,,,manual_patch_needs_metadata,common_ingredients_patch.csv,PATCH,1,PEG-40 HYDROGENATED CASTOR OIL,REVIEW,Needs manual verification; metadata does not establish product scope with sufficient confidence.,,LOW,YES,MANUAL_REVIEW_REQUIRED
ISOHEXADECANE,"('ISOHEXADECANE',)",,,,manual_patch_needs_metadata,common_ingredients_patch.csv,PATCH,1,ISOHEXADECANE,REVIEW,Needs manual verification; metadata does not establish product scope with sufficient confidence.,,LOW,YES,MANUAL_REVIEW_REQUIRED
SCUTELLARIA BAICALENSIS ROOT EXTRACT,"('SCUTELLARIA BAICALENSIS ROOT EXTRACT',)",,,,manual_patch_needs_metadata,common_ingredients_patch.csv,PATCH,1,SCUTELLARIA BAICALENSIS ROOT EXTRACT,REVIEW,Needs manual verification; metadata does not establish product scope with sufficient confidence.,,LOW,YES,MANUAL_REVIEW_REQUIRED
POTASSIUM HYALURONATE,"('POTASSIUM HYALURONATE',)",,,,manual_patch_needs_metadata,common_ingredients_patch.csv,PATCH,1,POTASSIUM HYALURONATE,REVIEW,Needs manual verification; metadata does not establish product scope with sufficient confidence.,,LOW,YES,MANUAL_REVIEW_REQUIRED
AQUA (WATER),"('AQUA (WATER)',)",,,,manual_patch_needs_metadata,common_ingredients_patch.csv,PATCH,1,AQUA (WATER),REVIEW,Needs manual verification; metadata does not establish product scope with sufficient confidence.,,LOW,YES,MANUAL_REVIEW_REQUIRED
LAURETH-7,"('LAURETH-7',)",,,,manual_patch_needs_metadata,common_ingredients_patch.csv,PATCH,1,LAURETH-7,REVIEW,Needs manual verification; metadata does not establish product scope with sufficient confidence.,,LOW,YES,MANUAL_REVIEW_REQUIRED
HYDROXYETHYLCELLULOSE,"('HYDROXYETHYLCELLULOSE',)",,,,manual_patch_needs_metadata,common_ingredients_patch.csv,PATCH,1,HYDROXYETHYLCELLULOSE,REVIEW,Needs manual verification; metadata does not establish product scope with sufficient confidence.,,LOW,YES,MANUAL_REVIEW_REQUIRED
DEIONIZED WATER,"('DEIONIZED WATER',)",,,,manual_patch_needs_metadata,common_ingredients_patch.csv,PATCH,1,DEIONIZED WATER,REVIEW,Needs manual verification; metadata does not establish product scope with sufficient confidence.,,LOW,YES,MANUAL_REVIEW_REQUIRED
ISODODECANE,"('ISODODECANE',)",31807-55-3 / 93685-81-5 / 13475-82-6,emollient; perfuming; solvent,,ingredients_dataset_exact_match,common_ingredients_patch.csv,PATCH,1,ISODODECANE,REVIEW,Needs manual verification; metadata does not establish product scope with sufficient confidence.,,LOW,YES,MANUAL_REVIEW_REQUIRED
BUTYROSPERMUM PARKII (SHEA) BUTTER,"('BUTYROSPERMUM PARKII (SHEA) BUTTER',)",,,,manual_patch_needs_metadata,common_ingredients_patch.csv,PATCH,1,BUTYROSPERMUM PARKII (SHEA) BUTTER,REVIEW,Needs manual verification; metadata does not establish product scope with sufficient confidence.,,LOW,YES,MANUAL_REVIEW_REQUIRED
HYDROGENATED POLYDECENE,"('HYDROGENATED POLYDECENE',)",68037-01-4,emollient; hair-conditioning; masking; perfuming; skin-conditioning; solvent,,ingredients_dataset_exact_match,common_ingredients_patch.csv,PATCH,1,HYDROGENATED POLYDECENE,REVIEW,Needs manual verification; metadata does not establish product scope with sufficient confidence.,,LOW,YES,MANUAL_REVIEW_REQUIRED
ALOE BARBADENSIS LEAF EXTRACT,"('ALOE BARBADENSIS LEAF EXTRACT',)",,,,ingredients_dataset_exact_match,common_ingredients_patch.csv,PATCH,1,ALOE BARBADENSIS LEAF EXTRACT,REVIEW,Needs manual verification; metadata does not establish product scope with sufficient confidence.,,LOW,YES,MANUAL_REVIEW_REQUIRED
DIMETHICONE CROSSPOLYMER,"('DIMETHICONE CROSSPOLYMER',)",,,,ingredients_dataset_exact_match,common_ingredients_patch.csv,PATCH,1,DIMETHICONE CROSSPOLYMER,REVIEW,Needs manual verification; metadata does not establish product scope with sufficient confidence.,,LOW,YES,MANUAL_REVIEW_REQUIRED
PERFUME,"('PERFUME',)",,,,manual_patch_needs_metadata,common_ingredients_patch.csv,PATCH,1,PERFUME,REVIEW,Needs manual verification; metadata does not establish product scope with sufficient confidence.,,LOW,YES,MANUAL_REVIEW_REQUIRED
ZINC PCA,"('ZINC PCA',)",,,,manual_patch_needs_metadata,common_ingredients_patch.csv,PATCH,1,ZINC PCA,REVIEW,Needs manual verification; metadata does not establish product scope with sufficient confidence.,,LOW,YES,MANUAL_REVIEW_REQUIRED
CETYL PEG/PPG-10/1 DIMETHICONE,"('CETYL PEG/PPG-10/1 DIMETHICONE',)",,,,manual_patch_needs_metadata,common_ingredients_patch.csv,PATCH,1,CETYL PEG/PPG-10/1 DIMETHICONE,REVIEW,Needs manual verification; metadata does not establish product scope with sufficient confidence.,,LOW,YES,MANUAL_REVIEW_REQUIRED
CENTELLA ASIATICA LEAF EXTRACT,"('CENTELLA ASIATICA LEAF EXTRACT',)",,,,manual_patch_needs_metadata,common_ingredients_patch.csv,PATCH,1,CENTELLA ASIATICA LEAF EXTRACT,REVIEW,Needs manual verification; metadata does not establish product scope with sufficient confidence.,,LOW,YES,MANUAL_REVIEW_REQUIRED
CHONDRUS CRISPUS EXTRACT,"('CHONDRUS CRISPUS EXTRACT',)",,,,manual_patch_needs_metadata,common_ingredients_patch.csv,PATCH,1,CHONDRUS CRISPUS EXTRACT,REVIEW,Needs manual verification; metadata does not establish product scope with sufficient confidence.,,LOW,YES,MANUAL_REVIEW_REQUIRED
ROSMARINUS OFFICINALIS LEAF EXTRACT,"('ROSMARINUS OFFICINALIS LEAF EXTRACT',)",,,,manual_patch_needs_metadata,common_ingredients_patch.csv,PATCH,1,ROSMARINUS OFFICINALIS LEAF EXTRACT,REVIEW,Needs manual verification; metadata does not establish product scope with sufficient confidence.,,LOW,YES,MANUAL_REVIEW_REQUIRED
ASIATICOSIDE,"('ASIATICOSIDE',)",16830-15-2,antioxidant; perfuming; skin-conditioning,,ingredients_dataset_exact_match,common_ingredients_patch.csv,PATCH,1,ASIATICOSIDE,REVIEW,Needs manual verification; metadata does not establish product scope with sufficient confidence.,,LOW,YES,MANUAL_REVIEW_REQUIRED
GLYCYRRHIZA GLABRA ROOT EXTRACT,"('GLYCYRRHIZA GLABRA ROOT EXTRACT',)",,,,manual_patch_needs_metadata,common_ingredients_patch.csv,PATCH,1,GLYCYRRHIZA GLABRA ROOT EXTRACT,REVIEW,Needs manual verification; metadata does not establish product scope with sufficient confidence.,,LOW,YES,MANUAL_REVIEW_REQUIRED
CI 77891,"('CI 77891',)",,,,ingredients_dataset_exact_match,common_ingredients_patch.csv,PATCH,1,CI 77891,REVIEW,Needs manual verification; metadata does not establish product scope with sufficient confidence.,,LOW,YES,MANUAL_REVIEW_REQUIRED
HOUTTUYNIA CORDATA EXTRACT,"('HOUTTUYNIA CORDATA EXTRACT',)",,,,manual_patch_needs_metadata,common_ingredients_patch.csv,PATCH,1,HOUTTUYNIA CORDATA EXTRACT,REVIEW,Needs manual verification; metadata does not establish product scope with sufficient confidence.,,LOW,YES,MANUAL_REVIEW_REQUIRED
POLYGONUM CUSPIDATUM ROOT EXTRACT,"('POLYGONUM CUSPIDATUM ROOT EXTRACT',)",,,,manual_patch_needs_metadata,common_ingredients_patch.csv,PATCH,1,POLYGONUM CUSPIDATUM ROOT EXTRACT,REVIEW,Needs manual verification; metadata does not establish product scope with sufficient confidence.,,LOW,YES,MANUAL_REVIEW_REQUIRED
GLYCERINE,"('GLYCERINE',)",,,,manual_patch_needs_metadata,common_ingredients_patch.csv,PATCH,1,GLYCERINE,REVIEW,Needs manual verification; metadata does not establish product scope with sufficient confidence.,,LOW,YES,MANUAL_REVIEW_REQUIRED
CITRULLUS LANATUS FRUIT EXTRACT,"('CITRULLUS LANATUS FRUIT EXTRACT',)",,,,manual_patch_needs_metadata,common_ingredients_patch.csv,PATCH,1,CITRULLUS LANATUS FRUIT EXTRACT,REVIEW,Needs manual verification; metadata does not establish product scope with sufficient confidence.,,LOW,YES,MANUAL_REVIEW_REQUIRED
MINERAL OIL,"('MINERAL OIL',)",,,,manual_patch_needs_metadata,common_ingredients_patch.csv,PATCH,1,MINERAL OIL,REVIEW,Needs manual verification; metadata does not establish product scope with sufficient confidence.,,LOW,YES,MANUAL_REVIEW_REQUIRED
CYCLOHEXASILOXANE,"('CYCLOHEXASILOXANE',)",,,,ingredients_dataset_exact_match,common_ingredients_patch.csv,PATCH,1,CYCLOHEXASILOXANE,REVIEW,Needs manual verification; metadata does not establish product scope with sufficient confidence.,,LOW,YES,MANUAL_REVIEW_REQUIRED
CERAMIDE NS,"('CERAMIDE NS',)",,,,manual_patch_needs_metadata,common_ingredients_patch.csv,PATCH,1,CERAMIDE NS,REVIEW,Needs manual verification; metadata does not establish product scope with sufficient confidence.,,LOW,YES,MANUAL_REVIEW_REQUIRED
ISOPROPYL MYRISTATE,"('ISOPROPYL MYRISTATE',)",110-27-0,binding; emollient; masking; perfuming,,ingredients_dataset_exact_match,common_ingredients_patch.csv,PATCH,1,ISOPROPYL MYRISTATE,REVIEW,Needs manual verification; metadata does not establish product scope with sufficient confidence.,,LOW,YES,MANUAL_REVIEW_REQUIRED
SIMMONDSIA CHINENSIS SEED OIL,"('SIMMONDSIA CHINENSIS SEED OIL',)",,,,manual_patch_needs_metadata,common_ingredients_patch.csv,PATCH,1,SIMMONDSIA CHINENSIS SEED OIL,REVIEW,Needs manual verification; metadata does not establish product scope with sufficient confidence.,,LOW,YES,MANUAL_REVIEW_REQUIRED
HYDROGENATED POLYISOBUTENE,"('HYDROGENATED POLYISOBUTENE',)",,,,manual_patch_needs_metadata,common_ingredients_patch.csv,PATCH,1,HYDROGENATED POLYISOBUTENE,REVIEW,Needs manual verification; metadata does not establish product scope with sufficient confidence.,,LOW,YES,MANUAL_REVIEW_REQUIRED
DIMETHICONOL,"('DIMETHICONOL',)",,,,ingredients_dataset_exact_match,common_ingredients_patch.csv,PATCH,1,DIMETHICONOL,REVIEW,Needs manual verification; metadata does not establish product scope with sufficient confidence.,,LOW,YES,MANUAL_REVIEW_REQUIRED
GLYCYRRHIZA GLABRA (LICORICE) ROOT EXTRACT,"('GLYCYRRHIZA GLABRA (LICORICE) ROOT EXTRACT',)",,,,manual_patch_needs_metadata,common_ingredients_patch.csv,PATCH,1,GLYCYRRHIZA GLABRA (LICORICE) ROOT EXTRACT,REVIEW,Needs manual verification; metadata does not establish product scope with sufficient confidence.,,LOW,YES,MANUAL_REVIEW_REQUIRED
SORBITAN OLEATE,"('SORBITAN OLEATE',)",,,,manual_patch_needs_metadata,common_ingredients_patch.csv,PATCH,1,SORBITAN OLEATE,REVIEW,Needs manual verification; metadata does not establish product scope with sufficient confidence.,,LOW,YES,MANUAL_REVIEW_REQUIRED
CERAMIDE AS,"('CERAMIDE AS',)",,,,manual_patch_needs_metadata,common_ingredients_patch.csv,PATCH,1,CERAMIDE AS,REVIEW,Needs manual verification; metadata does not establish product scope with sufficient confidence.,,LOW,YES,MANUAL_REVIEW_REQUIRED
ACACIA SENEGAL GUM,"('ACACIA SENEGAL GUM',)",,,,manual_patch_needs_metadata,common_ingredients_patch.csv,PATCH,1,ACACIA SENEGAL GUM,REVIEW,Needs manual verification; metadata does not establish product scope with sufficient confidence.,,LOW,YES,MANUAL_REVIEW_REQUIRED
OLEA EUROPAEA (OLIVE) FRUIT OIL,"('OLEA EUROPAEA (OLIVE) FRUIT OIL',)",,,,manual_patch_needs_metadata,common_ingredients_patch.csv,PATCH,1,OLEA EUROPAEA (OLIVE) FRUIT OIL,REVIEW,Needs manual verification; metadata does not establish product scope with sufficient confidence.,,LOW,YES,MANUAL_REVIEW_REQUIRED
CROTON LECHLERI RESIN EXTRACT,"('CROTON LECHLERI RESIN EXTRACT',)",,,,manual_patch_needs_metadata,common_ingredients_patch.csv,PATCH,1,CROTON LECHLERI RESIN EXTRACT,REVIEW,Needs manual verification; metadata does not establish product scope with sufficient confidence.,,LOW,YES,MANUAL_REVIEW_REQUIRED
HAMAMELIS VIRGINIANA (WITCH HAZEL) EXTRACT,"('HAMAMELIS VIRGINIANA (WITCH HAZEL) EXTRACT',)",,,,manual_patch_needs_metadata,common_ingredients_patch.csv,PATCH,1,HAMAMELIS VIRGINIANA (WITCH HAZEL) EXTRACT,REVIEW,Needs manual verification; metadata does not establish product scope with sufficient confidence.,,LOW,YES,MANUAL_REVIEW_REQUIRED
CHAMOMILLA RECUTITA (MATRICARIA) FLOWER EXTRACT,"('CHAMOMILLA RECUTITA (MATRICARIA) FLOWER EXTRACT',)",,,,manual_patch_needs_metadata,common_ingredients_patch.csv,PATCH,1,CHAMOMILLA RECUTITA (MATRICARIA) FLOWER EXTRACT,REVIEW,Needs manual verification; metadata does not establish product scope with sufficient confidence.,,LOW,YES,MANUAL_REVIEW_REQUIRED
SODIUM PCA,"('SODIUM PCA',)",,,,manual_patch_needs_metadata,common_ingredients_patch.csv,PATCH,1,SODIUM PCA,REVIEW,Needs manual verification; metadata does not establish product scope with sufficient confidence.,,LOW,YES,MANUAL_REVIEW_REQUIRED
PORTULACA OLERACEA EXTRACT,"('PORTULACA OLERACEA EXTRACT',)",,,,manual_patch_needs_metadata,common_ingredients_patch.csv,PATCH,1,PORTULACA OLERACEA EXTRACT,REVIEW,Needs manual verification; metadata does not establish product scope with sufficient confidence.,,LOW,YES,MANUAL_REVIEW_REQUIRED
PALMITOYL TRIPEPTIDE-1,"('PALMITOYL TRIPEPTIDE-1',)",147732-56-7,,,ingredients_dataset_exact_match,common_ingredients_patch.csv,PATCH,1,PALMITOYL TRIPEPTIDE-1,REVIEW,Needs manual verification; metadata does not establish product scope with sufficient confidence.,,LOW,YES,MANUAL_REVIEW_REQUIRED
BENZYL ALCOHOL,"('BENZYL ALCOHOL',)",100-51-6,perfuming; preservative; solvent; viscosity-controlling,,ingredients_dataset_exact_match,common_ingredients_patch.csv,PATCH,1,BENZYL ALCOHOL,REVIEW,Needs manual verification; metadata does not establish product scope with sufficient confidence.,,LOW,YES,MANUAL_REVIEW_REQUIRED
MELALEUCA ALTERNIFOLIA LEAF OIL,"('MELALEUCA ALTERNIFOLIA LEAF OIL',)",85085-48-9 / 8022-72-8 / 68647-73-4,antioxidant; perfuming,,ingredients_dataset_exact_match,common_ingredients_patch.csv,PATCH,1,MELALEUCA ALTERNIFOLIA LEAF OIL,REVIEW,Needs manual verification; metadata does not establish product scope with sufficient confidence.,,LOW,YES,MANUAL_REVIEW_REQUIRED
TRIETHYLENE GLYCOL,"('TRIETHYLENE GLYCOL',)",112-27-6,masking; perfuming; viscosity-controlling,,ingredients_dataset_exact_match,common_ingredients_patch.csv,PATCH,1,TRIETHYLENE GLYCOL,REVIEW,Needs manual verification; metadata does not establish product scope with sufficient confidence.,,LOW,YES,MANUAL_REVIEW_REQUIRED
ANHYDROXYLITOL,"('ANHYDROXYLITOL',)",,,,manual_patch_needs_metadata,common_ingredients_patch.csv,PATCH,1,ANHYDROXYLITOL,REVIEW,Needs manual verification; metadata does not establish product scope with sufficient confidence.,,LOW,YES,MANUAL_REVIEW_REQUIRED
SODIUM ACRYLATES COPOLYMER,"('SODIUM ACRYLATES COPOLYMER',)",,,,manual_patch_needs_metadata,common_ingredients_patch.csv,PATCH,1,SODIUM ACRYLATES COPOLYMER,REVIEW,Needs manual verification; metadata does not establish product scope with sufficient confidence.,,LOW,YES,MANUAL_REVIEW_REQUIRED
LINOLENIC ACID,"('LINOLENIC ACID',)",463-40-1 -CIS-,antistatic; cleansing; emollient; hair-conditioning; perfuming; skin-conditioning; surfactant,,ingredients_dataset_exact_match,common_ingredients_patch.csv,PATCH,1,LINOLENIC ACID,REVIEW,Needs manual verification; metadata does not establish product scope with sufficient confidence.,,LOW,YES,MANUAL_REVIEW_REQUIRED
PEG-75 STEARATE,"('PEG-75 STEARATE',)",,,,manual_patch_needs_metadata,common_ingredients_patch.csv,PATCH,1,PEG-75 STEARATE,REVIEW,Needs manual verification; metadata does not establish product scope with sufficient confidence.,,LOW,YES,MANUAL_REVIEW_REQUIRED
PANAX GINSENG ROOT EXTRACT,"('PANAX GINSENG ROOT EXTRACT',)",,,,manual_patch_needs_metadata,common_ingredients_patch.csv,PATCH,1,PANAX GINSENG ROOT EXTRACT,REVIEW,Needs manual verification; metadata does not establish product scope with sufficient confidence.,,LOW,YES,MANUAL_REVIEW_REQUIRED
LIMONENE,"('LIMONENE',)",138-86-3,deodorant; perfuming; solvent,,ingredients_dataset_exact_match,common_ingredients_patch.csv,PATCH,1,LIMONENE,REVIEW,Needs manual verification; metadata does not establish product scope with sufficient confidence.,,LOW,YES,MANUAL_REVIEW_REQUIRED
HIBISCUS SABDARIFFA FLOWER EXTRACT,"('HIBISCUS SABDARIFFA FLOWER EXTRACT',)",,,,ingredients_dataset_exact_match,common_ingredients_patch.csv,PATCH,1,HIBISCUS SABDARIFFA FLOWER EXTRACT,REVIEW,Needs manual verification; metadata does not establish product scope with sufficient confidence.,,LOW,YES,MANUAL_REVIEW_REQUIRED
HELIANTHUS ANNUUS SEED OIL,"('HELIANTHUS ANNUUS SEED OIL',)",,,,manual_patch_needs_metadata,common_ingredients_patch.csv,PATCH,1,HELIANTHUS ANNUUS SEED OIL,REVIEW,Needs manual verification; metadata does not establish product scope with sufficient confidence.,,LOW,YES,MANUAL_REVIEW_REQUIRED
ETHOXYDIGLYCOL,"('ETHOXYDIGLYCOL',)",111-90-0,humectant; perfuming; solvent,,ingredients_dataset_exact_match,common_ingredients_patch.csv,PATCH,1,ETHOXYDIGLYCOL,REVIEW,Needs manual verification; metadata does not establish product scope with sufficient confidence.,,LOW,YES,MANUAL_REVIEW_REQUIRED
CERAMIDE EOS,"('CERAMIDE EOS',)",,,,manual_patch_needs_metadata,common_ingredients_patch.csv,PATCH,1,CERAMIDE EOS,REVIEW,Needs manual verification; metadata does not establish product scope with sufficient confidence.,,LOW,YES,MANUAL_REVIEW_REQUIRED
SACCHARUM OFFICINARUM EXTRACT,"('SACCHARUM OFFICINARUM EXTRACT',)",,,,manual_patch_needs_metadata,common_ingredients_patch.csv,PATCH,1,SACCHARUM OFFICINARUM EXTRACT,REVIEW,Needs manual verification; metadata does not establish product scope with sufficient confidence.,,LOW,YES,MANUAL_REVIEW_REQUIRED
METHYLENE BIS-BENZOTRIAZOLYL TETRAMETHYLBUTYLPHENOL (NANO),"('METHYLENE BIS-BENZOTRIAZOLYL TETRAMETHYLBUTYLPHENOL (NANO)',)",,,,manual_patch_needs_metadata,common_ingredients_patch.csv,PATCH,1,METHYLENE BIS-BENZOTRIAZOLYL TETRAMETHYLBUTYLPHENOL (NANO),REVIEW,Needs manual verification; metadata does not establish product scope with sufficient confidence.,,LOW,YES,MANUAL_REVIEW_REQUIRED
METHYLENE BIS-BENZOTRIAZOLYL TETRAMETHYLBUTYLPHENOL,"('METHYLENE BIS-BENZOTRIAZOLYL TETRAMETHYLBUTYLPHENOL',)",,,,manual_patch_needs_metadata,common_ingredients_patch.csv,PATCH,1,METHYLENE BIS-BENZOTRIAZOLYL TETRAMETHYLBUTYLPHENOL,REVIEW,Needs manual verification; metadata does not establish product scope with sufficient confidence.,,LOW,YES,MANUAL_REVIEW_REQUIRED
COCO-GLUCOSIDE,"('COCO-GLUCOSIDE',)",,,,manual_patch_needs_metadata,common_ingredients_patch.csv,PATCH,1,COCO-GLUCOSIDE,REVIEW,Needs manual verification; metadata does not establish product scope with sufficient confidence.,,LOW,YES,MANUAL_REVIEW_REQUIRED
CETYL DIMETHICONE,"('CETYL DIMETHICONE',)",,,,ingredients_dataset_exact_match,common_ingredients_patch.csv,PATCH,1,CETYL DIMETHICONE,REVIEW,Needs manual verification; metadata does not establish product scope with sufficient confidence.,,LOW,YES,MANUAL_REVIEW_REQUIRED
PVM/MA COPOLYMER,"('PVM/MA COPOLYMER',)",,,,manual_patch_needs_metadata,common_ingredients_patch.csv,PATCH,1,PVM/MA COPOLYMER,REVIEW,Needs manual verification; metadata does not establish product scope with sufficient confidence.,,LOW,YES,MANUAL_REVIEW_REQUIRED
OCTYL SALICYLATE,"('OCTYL SALICYLATE',)",,,,manual_patch_needs_metadata,common_ingredients_patch.csv,PATCH,1,OCTYL SALICYLATE,REVIEW,Needs manual verification; metadata does not establish product scope with sufficient confidence.,,LOW,YES,MANUAL_REVIEW_REQUIRED
ACETYL HEXAPEPTIDE-8,"('ACETYL HEXAPEPTIDE-8',)",,,,manual_patch_needs_metadata,common_ingredients_patch.csv,PATCH,1,ACETYL HEXAPEPTIDE-8,REVIEW,Needs manual verification; metadata does not establish product scope with sufficient confidence.,,LOW,YES,MANUAL_REVIEW_REQUIRED
PISTACIA LENTISCUS GUM,"('PISTACIA LENTISCUS GUM',)",,,,manual_patch_needs_metadata,common_ingredients_patch.csv,PATCH,1,PISTACIA LENTISCUS GUM,REVIEW,Needs manual verification; metadata does not establish product scope with sufficient confidence.,,LOW,YES,MANUAL_REVIEW_REQUIRED
BUDDLEJA OFFICINALIS FLOWER EXTRACT,"('BUDDLEJA OFFICINALIS FLOWER EXTRACT',)",,,,manual_patch_needs_metadata,common_ingredients_patch.csv,PATCH,1,BUDDLEJA OFFICINALIS FLOWER EXTRACT,REVIEW,Needs manual verification; metadata does not establish product scope with sufficient confidence.,,LOW,YES,MANUAL_REVIEW_REQUIRED
PEG-10 DIMETHICONE,"('PEG-10 DIMETHICONE',)",,,,manual_patch_needs_metadata,common_ingredients_patch.csv,PATCH,1,PEG-10 DIMETHICONE,REVIEW,Needs manual verification; metadata does not establish product scope with sufficient confidence.,,LOW,YES,MANUAL_REVIEW_REQUIRED
METHICONE,"('METHICONE',)",,,,manual_patch_needs_metadata,common_ingredients_patch.csv,PATCH,1,METHICONE,REVIEW,Needs manual verification; metadata does not establish product scope with sufficient confidence.,,LOW,YES,MANUAL_REVIEW_REQUIRED
ASPALATHUS LINEARIS EXTRACT,"('ASPALATHUS LINEARIS EXTRACT',)",,,,manual_patch_needs_metadata,common_ingredients_patch.csv,PATCH,1,ASPALATHUS LINEARIS EXTRACT,REVIEW,Needs manual verification; metadata does not establish product scope with sufficient confidence.,,LOW,YES,MANUAL_REVIEW_REQUIRED
HAMAMELIS VIRGINIANA LEAF EXTRACT,"('HAMAMELIS VIRGINIANA LEAF EXTRACT',)",,,,manual_patch_needs_metadata,common_ingredients_patch.csv,PATCH,1,HAMAMELIS VIRGINIANA LEAF EXTRACT,REVIEW,Needs manual verification; metadata does not establish product scope with sufficient confidence.,,LOW,YES,MANUAL_REVIEW_REQUIRED
POLYACRYLATE-13,"('POLYACRYLATE-13',)",,,,manual_patch_needs_metadata,common_ingredients_patch.csv,PATCH,1,POLYACRYLATE-13,REVIEW,Needs manual verification; metadata does not establish product scope with sufficient confidence.,,LOW,YES,MANUAL_REVIEW_REQUIRED
ALGAE EXTRACT,"('ALGAE EXTRACT',)",,,,manual_patch_needs_metadata,common_ingredients_patch.csv,PATCH,1,ALGAE EXTRACT,REVIEW,Needs manual verification; metadata does not establish product scope with sufficient confidence.,,LOW,YES,MANUAL_REVIEW_REQUIRED
TRIETHYLHEXANOIN,"('TRIETHYLHEXANOIN',)",7360-38-5,hair-conditioning; masking; perfuming; skin-conditioning,,ingredients_dataset_exact_match,common_ingredients_patch.csv,PATCH,1,TRIETHYLHEXANOIN,REVIEW,Needs manual verification; metadata does not establish product scope with sufficient confidence.,,LOW,YES,MANUAL_REVIEW_REQUIRED
VITIS VINIFERA FRUIT EXTRACT,"('VITIS VINIFERA FRUIT EXTRACT',)",,,,manual_patch_needs_metadata,common_ingredients_patch.csv,PATCH,1,VITIS VINIFERA FRUIT EXTRACT,REVIEW,Needs manual verification; metadata does not establish product scope with sufficient confidence.,,LOW,YES,MANUAL_REVIEW_REQUIRED
ETHYL HEXANEDIOL,"('ETHYL HEXANEDIOL',)",,,,manual_patch_needs_metadata,common_ingredients_patch.csv,PATCH,1,ETHYL HEXANEDIOL,REVIEW,Needs manual verification; metadata does not establish product scope with sufficient confidence.,,LOW,YES,MANUAL_REVIEW_REQUIRED
