function_id,function_name
1,abrasive
2,absorbent
3,anticaking
4,anticorrosive
5,antidandruff
6,antifoaming
7,antimicrobial
8,antioxidant
9,antiplaque
10,antiseborrhoeic
11,antistatic
12,astringent
13,binding
14,binding-agent
15,bleaching
16,buffering
17,bulking
18,chelating
19,cleansing
20,cosmetic-colorant
21,denaturant
22,deodorant
23,depilatory
24,detangling
25,emollient
26,emulsifying
27,emulsion-stabilising
28,film-forming
29,flavouring
30,foam-boosting
31,foaming
32,gel-forming
33,hair-conditioning
34,hair-fixing
35,hair-waving-or-straightening
36,humectant
37,hydrotrope
38,keratolytic
39,light-stabilizer
40,masking
41,moisturising
42,not-reported
43,opacifying
44,oral-care
45,oxidising
46,pearlescent
47,perfuming
48,plasticiser
49,preservative
50,propellant
51,reducing
52,refatting
53,refreshing
54,skin-conditioning
55,skin-conditioning-emollient
56,skin-protecting
57,smoothing
58,solvent
59,soothing
60,stabilising
61,surfactant
62,tanning
63,tonic
64,uv-absorber
65,uv-filter
66,viscosity-controlling
